<?xml version="1.0" encoding="UTF-8" ?>
<!DOCTYPE mapper PUBLIC "-//mybatis.org//DTD Mapper 3.0//EN"
        "http://mybatis.org/dtd/mybatis-3-mapper.dtd">

<mapper namespace="com.idle.shoppingmall.mapper.CartMapper">

    <insert id="saveCart">
        insert into cart(created_who,product_id, size, count)
        values (#{cart.created_who}, #{cart.product_id}, #{cart.size}, #{cart.count})
    </insert>

    <select id="findCart" parameterType="com.idle.shoppingmall.Entity.Key.CartKey" resultType="com.idle.shoppingmall.Entity.Cart">
        select * from cart where created_who=#{cart.created_who} AND product_id=#{cart.product_id} AND size=#{cart.size}
    </select>

    <select id="selectCart" parameterType="java.util.List" resultType="com.idle.shoppingmall.Entity.Cart">
        select * from cart where created_who=#{cartList.created_who}
    </select>

    <update id="updateCart" parameterType="com.idle.shoppingmall.Entity.Cart">
        update cart SET count = count + #{update.count} WHERE created_who=#{update.created_who} AND product_id=#{update.product_id} AND size=#{update.size}
    </update>

    <delete id="deleteCart" parameterType="com.idle.shoppingmall.Entity.Cart">
        delete from cart where created_who=#{remove.created_who} AND product_id=#{remove.product_id} AND size=#{remove.size}
    </delete>

    <select id="findByCartList" parameterType="Long" resultType="com.idle.shoppingmall.ResponseDTO.Cart.CartListResponse">
        select c.product_id as product_id, p.product_name as product_name, upper(c.size) as size, p.product_price as product_price, c.count, (c.count * p.product_price) as totalPrice,
        p.product_img as product_img
        from cart as c
        inner join product as p on c.product_id = p.product_id
        where c.created_who=#{created_who}
    </select>

</mapper>
