<?xml version="1.0" encoding="UTF-8" ?>
<!DOCTYPE mapper PUBLIC "-//mybatis.org//DTD Mapper 3.0//EN"
        "http://mybatis.org/dtd/mybatis-3-mapper.dtd">

<mapper namespace="com.idle.shoppingmall.mapper.Comment.CommentMapper">
    <insert id="saveComment" useGeneratedKeys="true" keyProperty="comment_id">
        insert into comment(created_who,product_id,content,created_at, created_name)
        values(#{comment.created_who},#{comment.product_id},#{comment.content},#{comment.created_at}, #{comment.created_name})
    </insert>

    <select id="findUrl">
        select img_name
        from comment_img
        where comment_id = #{id};
    </select>

    <delete id="deleteComment">
        delete from comment
        where comment_id = #{id}
    </delete>

    <resultMap id="urls" type="String">
        <result column="urls" property="urls" />
    </resultMap>
    <resultMap id="CommentListResponse" type="com.idle.shoppingmall.Controller.ControllerView.ProductViews.DTO.CommentListResponse">
        <result column="id" property="id" />
        <result column="name" property="name" />
        <result column="content" property="content" />
        <result column="created_at" property="created_at" />
        <collection property="urls" ofType="String" resultMap="urls"/>
    </resultMap>
    <select id="findCommentList" resultMap="CommentListResponse">
        select c.comment_id as id, c.created_name as user_name, c.content as content, date_format(c.created_at, '%Y-%m-%d %H:%i') as created_at
        , img.img_url as urls
        from comment as c
        left outer join comment_img img on c.comment_id = img.comment_id
        where c.product_id = #{id}
        order by c.created_at desc
        LIMIT #{startPage}, #{endPage};
    </select>
</mapper>