<?xml version="1.0" encoding="UTF-8" ?>
<!DOCTYPE mapper PUBLIC "-//mybatis.org//DTD Mapper 3.0//EN"
        "http://mybatis.org/dtd/mybatis-3-mapper.dtd">

<mapper namespace="com.idle.shoppingmall.mapper.CustomerServiceMapper">
    <insert id="addCustomerService" useGeneratedKeys="true" keyProperty="cs_id">
        insert into customer_service (created_at, created_who,  payment_id, content, state)
        values (#{data.created_at}, #{data.created_who}, #{data.payment_id}, #{data.content}, #{data.state})
    </insert>

    <insert id="answerCS">
        insert into cs_answer (cs_id, created_at, created_who, content)
        values (#{data.cs_id}, #{data.created_at}, #{data.created_who}, #{data.content})
    </insert>

    <update id="updateCS">
        update customer_service set state = #{state} where cs_id = #{cs_id}
    </update>

    <select id="getEmail">
        select u.user_email
        from customer_service as c
        inner join user_account as u on c.created_who = u.user_id
        where cs_id = #{cs_id};
    </select>

    <select id="getCSList">
        select cs_id, created_who, date_format(created_at, '%Y-%m-%d %H:%i') as created_at, state
        from customer_service
        <where>
            cs_id LIKE concat('%',#{name},'%')
        </where>
        LIMIT #{size}, #{offset}
    </select>
</mapper>