<?xml version="1.0" encoding="UTF-8" ?>
<!DOCTYPE mapper PUBLIC "-//mybatis.org//DTD Mapper 3.0//EN"
        "http://mybatis.org/dtd/mybatis-3-mapper.dtd">

<mapper namespace="com.idle.shoppingmall.mapper.User.UserAccountMapper">
    <insert id="saveUserAccount" useGeneratedKeys="true" keyProperty="user_id" >
        insert into user_account(user_email,user_password,user_role,user_pnum,last_login)
        values(#{userAccount.user_email},#{userAccount.user_password},#{userAccount.user_role},#{userAccount.user_pnum},#{userAccount.last_login})
    </insert>

    <select id="getUserByEmail" parameterType="String" resultType="com.idle.shoppingmall.Entity.User.UserAccount">
        select * from user_account where user_email = #{email}
    </select>

    <update id="updateLastLogin" parameterType="Long">
        update user_account set last_login = now() where user_id = #{user_id}
    </update>

    <select id="selectAllUserAccounts" resultType="com.idle.shoppingmall.Entity.User.UserAccount">
        select *from user_account
    </select>

    <update id="updateUserAccount" parameterType="com.idle.shoppingmall.Entity.User.UserAccount">
        update user_account set user_email=#{updateUser.user_email},user_password=#{updateUser.user_password},user_pnum=#{updateUser.user_pnum} where user_id = #{updateUser.user_id}

    </update>

    <delete id="deleteUserAccount" parameterType="java.lang.String">
        delete from user_account where user_email = #{user_email} <!-- 수정됨 -->
    </delete>
</mapper>