<?xml version="1.0" encoding="UTF-8" ?>
<!DOCTYPE mapper PUBLIC "-//mybatis.org//DTD Mapper 3.0//EN"
        "http://mybatis.org/dtd/mybatis-3-mapper.dtd">


<mapper namespace="com.idle.shoppingmall.mapper.Manage.MProductMapper">
    <resultMap id="details" type="com.idle.shoppingmall.ResponseDTO.Manage.detailsObject">
        <result column="size" property="size" />
        <result column="amount" property="amount" />
        <result column="sales" property="sales" />
    </resultMap>
    <resultMap id="MProductDetailViewMap" type="com.idle.shoppingmall.ResponseDTO.Manage.MProductDetailView">
        <result column="product_id" property="product_id" />
        <result column="product_name" property="product_name" />
        <result column="product_price" property="product_price" />
        <result column="brand_name" property="brandName" />
        <result column="count_love" property="count_love" />
        <result column="product_category" property="product_category" />
        <collection property="details" ofType="com.idle.shoppingmall.ResponseDTO.Manage.detailsObject" resultMap="details"/>
    </resultMap>
    <select id="getDetail" resultMap="MProductDetailViewMap">
        SELECT p.product_id as product_id, p.product_name as product_name, p.product_price as product_price, b.brand_name as brand_name, p.count_love as count_love,
        p.product_category as product_category ,pd.size as size, pd.pd_before_count as amount, pd.pd_sell_count as sales
        from product as p
        left outer join brand as b on p.brand_id = b.brand_id
        left outer join product_detail as pd on p.product_id = pd.product_id
        <where>
            p.product_id = #{id}
        </where>
    </select>
</mapper>